equipment_id,equipment_name
9101,"EQ-0001 - Compresor Industrial"
9102,"EQ-0002 - Bomba Centrífuga"
9103,"EQ-0003 - Motor Eléctrico"
9104,"EQ-0004 - Generador Diésel"
9105,"EQ-0005 - Caldera"
9106,"EQ-0006 - Intercambiador de Calor"
9107,"EQ-0007 - Ventilador Axial"
9108,"EQ-0008 - Bomba de Agua"
9109,"EQ-0009 - Compresor de Aire"
9110,"EQ-0010 - Transformador"
9111,"EQ-0011 - Tablero Eléctrico"
9112,"EQ-0012 - Grua Torre"
9113,"EQ-0013 - Montacargas"
9114,"EQ-0014 - Tolva"
9115,"EQ-0015 - Cinta Transportadora"
9116,"EQ-0016 - Trituradora"
9117,"EQ-0017 - Molino"
9118,"EQ-0018 - Horno Industrial"
9119,"EQ-0019 - Tanque de Almacenamiento"
9120,"EQ-0020 - Bomba Hidráulica"
9121,"EQ-0021 - Unidad de Refrigeración"
9122,"EQ-0022 - Torre de Enfriamiento"
9123,"EQ-0023 - Separador"
9124,"EQ-0024 - Filtro de Aire"
9125,"EQ-0025 - Válvula de Control"
9126,"EQ-0026 - Manómetro"
9127,"EQ-0027 - Termostato"
9128,"EQ-0028 - Variador de Frecuencia"
9129,"EQ-0029 - Panel de Control"
9130,"EQ-0030 - Sistema Neumático"
9131,"EQ-0031 - Sistema Hidráulico"
9132,"EQ-0032 - Estación de Bombeo"
9133,"EQ-0033 - Red de Tuberías"
9134,"EQ-0034 - Soporte Metálico"
9135,"EQ-0035 - Plataforma Elevadora"
9136,"EQ-0036 - Carretilla"
9137,"EQ-0037 - Equipo de Soldadura"
9138,"EQ-0038 - Equipo de Medición"
9139,"EQ-0039 - Analizador"
9140,"EQ-0040 - Soplador"
9141,"EQ-0041 - Secador"
9142,"EQ-0042 - Agitador"
9143,"EQ-0043 - Mezclador"
9144,"EQ-0044 - Prensa"
9145,"EQ-0045 - Cizalla"
9146,"EQ-0046 - Taladro Industrial"
9147,"EQ-0047 - Esmeril"
9148,"EQ-0048 - Rectificadora"
9149,"EQ-0049 - Banco de Pruebas"
9150,"EQ-0050 - Sistema de Automatización"
9151,"EQ-0051 - Equipo de Limpieza Industrial"
9152,"EQ-0052 - Compresor Industrial"