unit,magnitude,uom_description,ref_unit,factor_conversion
u,,Unidad,,1.0000000000
m,,Metro,,1.0000000000
g,,Gramo,,1.0000000000
l,,Litro,,1.0000000000
kg,g,Kilogramo,g,1000.0000000000
mg,g,Miligramo,g,0.0010000000
cm,m,Centímetro,m,0.0100000000
mm,m,Milímetro,m,0.0010000000
km,m,Kilómetro,m,1000.0000000000
ml,l,Mililitro,l,0.0010000000
cl,l,Centilitro,l,0.0100000000
hl,l,Hectolitro,l,100.0000000000
caja,u,Caja,u,10.0000000000
paquete,u,Paquete,u,6.0000000000
bolsa,u,Bolsa,u,25.0000000000
paleta,caja,Paleta,caja,120.0000000000
rollo,m,Rollo,m,50.0000000000
tambor,l,Tambor,l,200.0000000000